<?xml version="1.0" encoding="UTF-8"?>
<!--

     Copyright (c) 2009-2011 Misys Open Source Solutions (MOSS) and others

     Licensed under the Apache License, Version 2.0 (the "License");
     you may not use this file except in compliance with the License.
     You may obtain a copy of the License at

        http://www.apache.org/licenses/LICENSE-2.0

     Unless required by applicable law or agreed to in writing, software
     distributed under the License is distributed on an "AS IS" BASIS,
     WITHOUT WARRANTIES OR CONDITIONS OF ANY KIND, either express or
     implied. See the License for the specific language governing
     permissions and limitations under the License.

     Contributors:
       Misys Open Source Solutions - initial API and implementation


-->
<!--Note: This file is the starting point of All the Actor configuration;
	all other config files should be linked from here. -->

<!--Each configuration file has a root Configuration tag-->
<Configuration>

    <!--Defines the configuration of Audit Repository Server-->
    <ConnectionFile file="ArrConnections.xml"/>

    <!--The ARR actor configuration-->
    <Actor name="arr" type="SecureNode">
        <Description>Audit Record Repository</Description>
        <Tcp connection="arr-tls"/>
        <Udp connection="arr-udp"/>
        <!--
        Max number of threads to use for dispatching messages for processing.
        Default = 5
        -->
        <!--
        <ExecutionThreads>5</ExecutionThreads>
        -->
        <nio>true</nio>
    </Actor>

</Configuration>
