<?xml version='1.0' encoding='utf-8'?>
<!DOCTYPE hibernate-configuration PUBLIC "-//Hibernate/Hibernate Configuration DTD 3.0//EN" "http://www.hibernate.org/dtd/hibernate-configuration-3.0.dtd">
<hibernate-configuration>
    <session-factory>
        <property name="hibernate.dialect">org.hibernate.dialect.MySQL5Dialect</property>
        <!--property name="hibernate.connection.driver_class">com.mysql.jdbc.Driver</property-->
        <property name="connection.datasource">java:comp/env/jdbc/ConfMgr</property>
        <!-- Echo all executed SQL to stdout -->
        <property name="show_sql">false</property>
        <!-- Enable Hibernate's automatic session context management -->
        <property name="current_session_context_class">thread</property>
        <!-- Disable the second-level cache  -->
        <property name="cache.provider_class">org.hibernate.cache.NoCacheProvider</property>
        <property name="hibernate.hbm2ddl.auto">update</property>
        <mapping class="eu.europa.ec.sante.ehdsi.openncp.configmanager.domain.Property"/>
    </session-factory>
</hibernate-configuration>

